{
	"class_name" : "ViewTrajectory",
	"interval" : 29,
	"is_loop" : false,
	"trajectory" :
	[
		{
			"boundingbox_max" : [ 3.99609375, 2.72265625, 2.7235757645561889 ],
			"boundingbox_min" : [ 1.517449534645156, 0.77734375, 0.31263882505828633 ],
			"field_of_view" : 90.0,
			"front" : [ -0.16112487779066051, 0.092092972718856261, -0.98262793474068755 ],
			"lookat" : [ 3.284169455810801, 1.6768088009755953, 0.73712415002181564 ],
			"up" : [ 0.10191851549372298, -0.98876119140479546, -0.10937971736718517 ],
			"zoom" : 1.4200000000000008
		}
	],
	"version_major" : 1,
	"version_minor" : 0
}